{
    "max_game_time_seconds": 120,
    "ticks_per_second": 20,
    "microticks": 100,
    "cell_size": 32,
    "collision_bounciness": 0.5,
    "quest_count": 100,
    "quest_score": {
        "min": 18,
        "max": 20
    },
    "city_type": {
        "type": "Manhattan",
        "block_size": [
            4,
            3
        ],
        "size": [
            12,
            12
        ],
        "refills": 50
    },
    "refill_speed": 20,
    "vehicle_types": [
        {
            "name": "Drifter",
            "radius": 5,
            "weight": 1,
            "max_speed": 200,
            "max_backwards_speed": 10,
            "acceleration": 120,
            "friction": 2.5,
            "max_rotate_speed": 3.14,
            "rotate_acceleration": 10,
            "max_fuel": 50,
            "fuel_use_speed": 1
        },
        {
            "name": "Bus",
            "radius": 7,
            "weight": 5,
            "max_speed": 60,
            "max_backwards_speed": 4,
            "acceleration": 30,
            "friction": 6.0,
            "max_rotate_speed": 1.57,
            "rotate_acceleration": 5,
            "max_fuel": 150,
            "fuel_use_speed": 3
        }
    ],
    "traffic": {
        "amount": 5,
        "radius": 5,
        "move_time": 1,
        "weight": 1,
        "crash_deceleration": 100,
        "crash_lifetime": 5
    },
    "collision_penalty_modifier": 0.015
}
